-- phpMyAdmin SQL Dump
-- version 5.1.1
-- https://www.phpmyadmin.net/
--
-- Host: localhost
-- Generation Time: Apr 05, 2022 at 05:20 PM
-- Server version: 10.4.21-MariaDB
-- PHP Version: 8.0.15

SET SQL_MODE = "NO_AUTO_VALUE_ON_ZERO";
START TRANSACTION;
SET time_zone = "+00:00";


/*!40101 SET @OLD_CHARACTER_SET_CLIENT=@@CHARACTER_SET_CLIENT */;
/*!40101 SET @OLD_CHARACTER_SET_RESULTS=@@CHARACTER_SET_RESULTS */;
/*!40101 SET @OLD_COLLATION_CONNECTION=@@COLLATION_CONNECTION */;
/*!40101 SET NAMES utf8mb4 */;

--
-- Database: `spp`
--

-- --------------------------------------------------------

--
-- Table structure for table `admin`
--

CREATE TABLE `admin` (
  `admin_id` int(4) NOT NULL,
  `admin_nama` varchar(100) NOT NULL,
  `admin_email` varchar(100) NOT NULL,
  `admin_password` varchar(100) NOT NULL
) ENGINE=InnoDB DEFAULT CHARSET=latin1;

--
-- Dumping data for table `admin`
--

INSERT INTO `admin` (`admin_id`, `admin_nama`, `admin_email`, `admin_password`) VALUES
(0, '-', '', ''),
(1, 'admin', 'admin@admin.com', 'admin'),
(2, 'admin2', 'admin2@admin.com', 'admin2');

-- --------------------------------------------------------

--
-- Table structure for table `akses_token`
--

CREATE TABLE `akses_token` (
  `akses_token_id` int(4) NOT NULL,
  `admin_id` int(4) NOT NULL,
  `akses_token` varchar(100) NOT NULL
) ENGINE=InnoDB DEFAULT CHARSET=latin1;

--
-- Dumping data for table `akses_token`
--

INSERT INTO `akses_token` (`akses_token_id`, `admin_id`, `akses_token`) VALUES
(1, 1, 'eyJhbGciOiJIUzI1NiIsInR5cCI6IkpXVCJ9.eyJyb3dzIjpbeyJhZG1pbl9pZCI6MSwiYWRtaW5fbmFtYSI6ImFkbWluIiwiYWR'),
(2, 1, 'eyJhbGciOiJIUzI1NiIsInR5cCI6IkpXVCJ9.eyJyb3dzIjpbeyJhZG1pbl9pZCI6MSwiYWRtaW5fbmFtYSI6ImFkbWluIiwiYWR'),
(3, 2, 'eyJhbGciOiJIUzI1NiIsInR5cCI6IkpXVCJ9.eyJyb3dzIjpbeyJhZG1pbl9pZCI6MiwiYWRtaW5fbmFtYSI6ImFkbWluMiIsImF');

-- --------------------------------------------------------

--
-- Table structure for table `bebas`
--

CREATE TABLE `bebas` (
  `bebas_id` int(11) NOT NULL,
  `siswa_id` int(11) NOT NULL,
  `pembayaran_id` int(11) NOT NULL,
  `bebas_tagihan` decimal(10,0) NOT NULL,
  `bebas_total_bayar` decimal(10,0) NOT NULL
) ENGINE=InnoDB DEFAULT CHARSET=latin1;

--
-- Dumping data for table `bebas`
--

INSERT INTO `bebas` (`bebas_id`, `siswa_id`, `pembayaran_id`, `bebas_tagihan`, `bebas_total_bayar`) VALUES
(37, 4, 3, '1800000', '1800000'),
(38, 5, 3, '1800000', '0'),
(39, 6, 3, '1800000', '0'),
(40, 7, 3, '1800000', '0'),
(41, 8, 3, '1800000', '0'),
(44, 82, 3, '1800000', '0'),
(45, 83, 3, '1800000', '100000'),
(46, 84, 3, '1800000', '0'),
(47, 85, 3, '1800000', '0'),
(48, 86, 3, '1800000', '0'),
(49, 87, 3, '1800000', '0'),
(50, 88, 3, '1800000', '0'),
(51, 89, 3, '1800000', '0'),
(52, 90, 3, '1800000', '0'),
(53, 91, 3, '1800000', '0'),
(54, 92, 3, '1800000', '0'),
(55, 93, 3, '1800000', '0'),
(56, 94, 3, '1800000', '0'),
(57, 95, 3, '1800000', '0'),
(58, 96, 3, '1800000', '0'),
(59, 97, 3, '1800000', '200000'),
(60, 98, 3, '1800000', '0'),
(61, 99, 3, '1800000', '0'),
(62, 100, 3, '1800000', '1800000'),
(63, 101, 3, '1800000', '0'),
(64, 102, 3, '1800000', '0'),
(65, 103, 3, '1800000', '0'),
(66, 104, 3, '1800000', '0'),
(67, 105, 3, '1800000', '0'),
(68, 106, 3, '1800000', '0'),
(69, 107, 3, '1800000', '0'),
(70, 108, 3, '1800000', '0'),
(71, 109, 3, '1800000', '0'),
(72, 110, 3, '1800000', '0'),
(73, 111, 3, '1800000', '0'),
(74, 112, 3, '1800000', '0'),
(75, 113, 3, '1800000', '0'),
(76, 114, 3, '1800000', '0'),
(77, 115, 3, '1800000', '0'),
(78, 116, 3, '1800000', '0'),
(79, 4, 4, '1000000', '300000'),
(80, 5, 4, '1000000', '0'),
(81, 6, 4, '1000000', '0'),
(82, 7, 4, '1000000', '0'),
(83, 8, 4, '1000000', '0'),
(84, 145, 4, '1000000', '0'),
(85, 146, 3, '1800000', '700000'),
(86, 147, 3, '1800000', '0'),
(87, 148, 3, '1800000', '0'),
(88, 149, 3, '1800000', '0');

-- --------------------------------------------------------

--
-- Table structure for table `bulanan`
--

CREATE TABLE `bulanan` (
  `bulanan_id` int(11) NOT NULL,
  `siswa_id` int(11) NOT NULL,
  `pembayaran_id` int(11) NOT NULL,
  `month_id` int(11) NOT NULL,
  `bulanan_tagihan` decimal(10,0) NOT NULL,
  `no_transaksi` varchar(50) DEFAULT '0',
  `bulanan_status` tinyint(1) NOT NULL,
  `bulanan_tanggal` date DEFAULT '0000-00-00',
  `admin_id` int(11) DEFAULT 0
) ENGINE=InnoDB DEFAULT CHARSET=latin1;

--
-- Dumping data for table `bulanan`
--

INSERT INTO `bulanan` (`bulanan_id`, `siswa_id`, `pembayaran_id`, `month_id`, `bulanan_tagihan`, `no_transaksi`, `bulanan_status`, `bulanan_tanggal`, `admin_id`) VALUES
(13, 82, 1, 1, '300000', '0', 0, '0000-00-00', 0),
(14, 82, 1, 2, '300000', '0', 0, '0000-00-00', 0),
(15, 82, 1, 3, '300000', '0', 0, '0000-00-00', 0),
(16, 82, 1, 4, '300000', '0', 0, '0000-00-00', 0),
(17, 82, 1, 5, '300000', '0', 0, '0000-00-00', 0),
(18, 82, 1, 6, '300000', '0', 0, '0000-00-00', 0),
(19, 82, 1, 7, '300000', '0', 0, '0000-00-00', 0),
(20, 82, 1, 8, '300000', '0', 0, '0000-00-00', 0),
(21, 82, 1, 9, '300000', '0', 0, '0000-00-00', 0),
(22, 82, 1, 10, '300000', '0', 0, '0000-00-00', 0),
(23, 82, 1, 11, '300000', '0', 0, '0000-00-00', 0),
(24, 82, 1, 12, '300000', '0', 0, '0000-00-00', 0),
(25, 83, 1, 1, '300000', 'spp/230322/976865', 1, '2022-03-23', 1),
(26, 83, 1, 2, '300000', '0', 0, '0000-00-00', 0),
(27, 83, 1, 3, '300000', '0', 0, '0000-00-00', 0),
(28, 83, 1, 4, '300000', '0', 0, '0000-00-00', 0),
(29, 83, 1, 5, '300000', '0', 0, '0000-00-00', 0),
(30, 83, 1, 6, '300000', '0', 0, '0000-00-00', 0),
(31, 83, 1, 7, '300000', '0', 0, '0000-00-00', 0),
(32, 83, 1, 8, '300000', '0', 0, '0000-00-00', 0),
(33, 83, 1, 9, '300000', '0', 0, '0000-00-00', 0),
(34, 83, 1, 10, '300000', '0', 0, '0000-00-00', 0),
(35, 83, 1, 11, '300000', '0', 0, '0000-00-00', 0),
(36, 83, 1, 12, '300000', '0', 0, '0000-00-00', 0),
(37, 84, 1, 1, '300000', 'spp/210322', 1, '2022-03-21', 1),
(38, 84, 1, 2, '300000', '0', 0, '0000-00-00', 0),
(39, 84, 1, 3, '300000', '0', 0, '0000-00-00', 0),
(40, 84, 1, 4, '300000', '0', 0, '0000-00-00', 0),
(41, 84, 1, 5, '300000', '0', 0, '0000-00-00', 0),
(42, 84, 1, 6, '300000', '0', 0, '0000-00-00', 0),
(43, 84, 1, 7, '300000', '0', 0, '0000-00-00', 0),
(44, 84, 1, 8, '300000', '0', 0, '0000-00-00', 0),
(45, 84, 1, 9, '300000', '0', 0, '0000-00-00', 0),
(46, 84, 1, 10, '300000', '0', 0, '0000-00-00', 0),
(47, 84, 1, 11, '300000', '0', 0, '0000-00-00', 0),
(48, 84, 1, 12, '300000', '0', 0, '0000-00-00', 0),
(49, 85, 1, 1, '300000', '0', 0, '0000-00-00', 0),
(50, 85, 1, 2, '300000', '0', 0, '0000-00-00', 0),
(51, 85, 1, 3, '300000', '0', 0, '0000-00-00', 0),
(52, 85, 1, 4, '300000', '0', 0, '0000-00-00', 0),
(53, 85, 1, 5, '300000', '0', 0, '0000-00-00', 0),
(54, 85, 1, 6, '300000', '0', 0, '0000-00-00', 0),
(55, 85, 1, 7, '300000', '0', 0, '0000-00-00', 0),
(56, 85, 1, 8, '300000', '0', 0, '0000-00-00', 0),
(57, 85, 1, 9, '300000', '0', 0, '0000-00-00', 0),
(58, 85, 1, 10, '300000', '0', 0, '0000-00-00', 0),
(59, 85, 1, 11, '300000', '0', 0, '0000-00-00', 0),
(60, 85, 1, 12, '300000', '0', 0, '0000-00-00', 0),
(61, 86, 1, 1, '300000', '0', 0, '0000-00-00', 0),
(62, 86, 1, 2, '300000', '0', 0, '0000-00-00', 0),
(63, 86, 1, 3, '300000', '0', 0, '0000-00-00', 0),
(64, 86, 1, 4, '300000', '0', 0, '0000-00-00', 0),
(65, 86, 1, 5, '300000', '0', 0, '0000-00-00', 0),
(66, 86, 1, 6, '300000', '0', 0, '0000-00-00', 0),
(67, 86, 1, 7, '300000', '0', 0, '0000-00-00', 0),
(68, 86, 1, 8, '300000', '0', 0, '0000-00-00', 0),
(69, 86, 1, 9, '300000', '0', 0, '0000-00-00', 0),
(70, 86, 1, 10, '300000', '0', 0, '0000-00-00', 0),
(71, 86, 1, 11, '300000', '0', 0, '0000-00-00', 0),
(72, 86, 1, 12, '300000', '0', 0, '0000-00-00', 0),
(73, 87, 1, 1, '300000', 'spp/210322', 1, '2022-03-21', 1),
(74, 87, 1, 2, '300000', '0', 0, '0000-00-00', 0),
(75, 87, 1, 3, '300000', '0', 0, '0000-00-00', 0),
(76, 87, 1, 4, '300000', '0', 0, '0000-00-00', 0),
(77, 87, 1, 5, '300000', '0', 0, '0000-00-00', 0),
(78, 87, 1, 6, '300000', '0', 0, '0000-00-00', 0),
(79, 87, 1, 7, '300000', '0', 0, '0000-00-00', 0),
(80, 87, 1, 8, '300000', '0', 0, '0000-00-00', 0),
(81, 87, 1, 9, '300000', '0', 0, '0000-00-00', 0),
(82, 87, 1, 10, '300000', '0', 0, '0000-00-00', 0),
(83, 87, 1, 11, '300000', '0', 0, '0000-00-00', 0),
(84, 87, 1, 12, '300000', '0', 0, '0000-00-00', 0),
(85, 88, 1, 1, '300000', 'spp/230322/678554', 1, '2022-03-23', 1),
(86, 88, 1, 2, '300000', 'spp/230322/827903', 1, '2022-03-23', 1),
(87, 88, 1, 3, '300000', '0', 0, '0000-00-00', 0),
(88, 88, 1, 4, '300000', '0', 0, '0000-00-00', 0),
(89, 88, 1, 5, '300000', '0', 0, '0000-00-00', 0),
(90, 88, 1, 6, '300000', '0', 0, '0000-00-00', 0),
(91, 88, 1, 7, '300000', '0', 0, '0000-00-00', 0),
(92, 88, 1, 8, '300000', '0', 0, '0000-00-00', 0),
(93, 88, 1, 9, '300000', '0', 0, '0000-00-00', 0),
(94, 88, 1, 10, '300000', '0', 0, '0000-00-00', 0),
(95, 88, 1, 11, '300000', '0', 0, '0000-00-00', 0),
(96, 88, 1, 12, '300000', '0', 0, '0000-00-00', 0),
(97, 89, 1, 1, '300000', 'spp/210322', 1, '2022-03-21', 2),
(98, 89, 1, 2, '300000', '0', 0, '0000-00-00', 0),
(99, 89, 1, 3, '300000', '0', 0, '0000-00-00', 0),
(100, 89, 1, 4, '300000', '0', 0, '0000-00-00', 0),
(101, 89, 1, 5, '300000', '0', 0, '0000-00-00', 0),
(102, 89, 1, 6, '300000', '0', 0, '0000-00-00', 0),
(103, 89, 1, 7, '300000', '0', 0, '0000-00-00', 0),
(104, 89, 1, 8, '300000', '0', 0, '0000-00-00', 0),
(105, 89, 1, 9, '300000', '0', 0, '0000-00-00', 0),
(106, 89, 1, 10, '300000', '0', 0, '0000-00-00', 0),
(107, 89, 1, 11, '300000', '0', 0, '0000-00-00', 0),
(108, 89, 1, 12, '300000', '0', 0, '0000-00-00', 0),
(109, 90, 1, 1, '300000', '0', 0, '0000-00-00', 0),
(110, 90, 1, 2, '300000', '0', 0, '0000-00-00', 0),
(111, 90, 1, 3, '300000', '0', 0, '0000-00-00', 0),
(112, 90, 1, 4, '300000', '0', 0, '0000-00-00', 0),
(113, 90, 1, 5, '300000', '0', 0, '0000-00-00', 0),
(114, 90, 1, 6, '300000', '0', 0, '0000-00-00', 0),
(115, 90, 1, 7, '300000', '0', 0, '0000-00-00', 0),
(116, 90, 1, 8, '300000', '0', 0, '0000-00-00', 0),
(117, 90, 1, 9, '300000', '0', 0, '0000-00-00', 0),
(118, 90, 1, 10, '300000', '0', 0, '0000-00-00', 0),
(119, 90, 1, 11, '300000', '0', 0, '0000-00-00', 0),
(120, 90, 1, 12, '300000', '0', 0, '0000-00-00', 0),
(121, 91, 1, 1, '300000', '0', 0, '0000-00-00', 0),
(122, 91, 1, 2, '300000', '0', 0, '0000-00-00', 0),
(123, 91, 1, 3, '300000', '0', 0, '0000-00-00', 0),
(124, 91, 1, 4, '300000', '0', 0, '0000-00-00', 0),
(125, 91, 1, 5, '300000', '0', 0, '0000-00-00', 0),
(126, 91, 1, 6, '300000', '0', 0, '0000-00-00', 0),
(127, 91, 1, 7, '300000', '0', 0, '0000-00-00', 0),
(128, 91, 1, 8, '300000', '0', 0, '0000-00-00', 0),
(129, 91, 1, 9, '300000', '0', 0, '0000-00-00', 0),
(130, 91, 1, 10, '300000', '0', 0, '0000-00-00', 0),
(131, 91, 1, 11, '300000', '0', 0, '0000-00-00', 0),
(132, 91, 1, 12, '300000', '0', 0, '0000-00-00', 0),
(133, 92, 1, 1, '300000', '0', 0, '0000-00-00', 0),
(134, 92, 1, 2, '300000', '0', 0, '0000-00-00', 0),
(135, 92, 1, 3, '300000', '0', 0, '0000-00-00', 0),
(136, 92, 1, 4, '300000', '0', 0, '0000-00-00', 0),
(137, 92, 1, 5, '300000', '0', 0, '0000-00-00', 0),
(138, 92, 1, 6, '300000', '0', 0, '0000-00-00', 0),
(139, 92, 1, 7, '300000', '0', 0, '0000-00-00', 0),
(140, 92, 1, 8, '300000', '0', 0, '0000-00-00', 0),
(141, 92, 1, 9, '300000', '0', 0, '0000-00-00', 0),
(142, 92, 1, 10, '300000', '0', 0, '0000-00-00', 0),
(143, 92, 1, 11, '300000', '0', 0, '0000-00-00', 0),
(144, 92, 1, 12, '300000', '0', 0, '0000-00-00', 0),
(145, 93, 1, 1, '300000', '0', 0, '0000-00-00', 0),
(146, 93, 1, 2, '300000', '0', 0, '0000-00-00', 0),
(147, 93, 1, 3, '300000', '0', 0, '0000-00-00', 0),
(148, 93, 1, 4, '300000', '0', 0, '0000-00-00', 0),
(149, 93, 1, 5, '300000', '0', 0, '0000-00-00', 0),
(150, 93, 1, 6, '300000', '0', 0, '0000-00-00', 0),
(151, 93, 1, 7, '300000', '0', 0, '0000-00-00', 0),
(152, 93, 1, 8, '300000', '0', 0, '0000-00-00', 0),
(153, 93, 1, 9, '300000', '0', 0, '0000-00-00', 0),
(154, 93, 1, 10, '300000', '0', 0, '0000-00-00', 0),
(155, 93, 1, 11, '300000', '0', 0, '0000-00-00', 0),
(156, 93, 1, 12, '300000', '0', 0, '0000-00-00', 0),
(157, 94, 1, 1, '300000', '0', 0, '0000-00-00', 0),
(158, 94, 1, 2, '300000', '0', 0, '0000-00-00', 0),
(159, 94, 1, 3, '300000', '0', 0, '0000-00-00', 0),
(160, 94, 1, 4, '300000', '0', 0, '0000-00-00', 0),
(161, 94, 1, 5, '300000', '0', 0, '0000-00-00', 0),
(162, 94, 1, 6, '300000', '0', 0, '0000-00-00', 0),
(163, 94, 1, 7, '300000', '0', 0, '0000-00-00', 0),
(164, 94, 1, 8, '300000', '0', 0, '0000-00-00', 0),
(165, 94, 1, 9, '300000', '0', 0, '0000-00-00', 0),
(166, 94, 1, 10, '300000', '0', 0, '0000-00-00', 0),
(167, 94, 1, 11, '300000', '0', 0, '0000-00-00', 0),
(168, 94, 1, 12, '300000', '0', 0, '0000-00-00', 0),
(169, 95, 1, 1, '300000', '0', 0, '0000-00-00', 0),
(170, 95, 1, 2, '300000', '0', 0, '0000-00-00', 0),
(171, 95, 1, 3, '300000', '0', 0, '0000-00-00', 0),
(172, 95, 1, 4, '300000', '0', 0, '0000-00-00', 0),
(173, 95, 1, 5, '300000', '0', 0, '0000-00-00', 0),
(174, 95, 1, 6, '300000', '0', 0, '0000-00-00', 0),
(175, 95, 1, 7, '300000', '0', 0, '0000-00-00', 0),
(176, 95, 1, 8, '300000', '0', 0, '0000-00-00', 0),
(177, 95, 1, 9, '300000', '0', 0, '0000-00-00', 0),
(178, 95, 1, 10, '300000', '0', 0, '0000-00-00', 0),
(179, 95, 1, 11, '300000', '0', 0, '0000-00-00', 0),
(180, 95, 1, 12, '300000', '0', 0, '0000-00-00', 0),
(181, 96, 1, 1, '300000', '0', 0, '0000-00-00', 0),
(182, 96, 1, 2, '300000', '0', 0, '0000-00-00', 0),
(183, 96, 1, 3, '300000', '0', 0, '0000-00-00', 0),
(184, 96, 1, 4, '300000', '0', 0, '0000-00-00', 0),
(185, 96, 1, 5, '300000', '0', 0, '0000-00-00', 0),
(186, 96, 1, 6, '300000', '0', 0, '0000-00-00', 0),
(187, 96, 1, 7, '300000', '0', 0, '0000-00-00', 0),
(188, 96, 1, 8, '300000', '0', 0, '0000-00-00', 0),
(189, 96, 1, 9, '300000', '0', 0, '0000-00-00', 0),
(190, 96, 1, 10, '300000', '0', 0, '0000-00-00', 0),
(191, 96, 1, 11, '300000', '0', 0, '0000-00-00', 0),
(192, 96, 1, 12, '300000', '0', 0, '0000-00-00', 0),
(193, 97, 1, 1, '300000', '0', 0, '0000-00-00', 0),
(194, 97, 1, 2, '300000', '0', 0, '0000-00-00', 0),
(195, 97, 1, 3, '300000', '0', 0, '0000-00-00', 0),
(196, 97, 1, 4, '300000', '0', 0, '0000-00-00', 0),
(197, 97, 1, 5, '300000', '0', 0, '0000-00-00', 0),
(198, 97, 1, 6, '300000', '0', 0, '0000-00-00', 0),
(199, 97, 1, 7, '300000', '0', 0, '0000-00-00', 0),
(200, 97, 1, 8, '300000', '0', 0, '0000-00-00', 0),
(201, 97, 1, 9, '300000', '0', 0, '0000-00-00', 0),
(202, 97, 1, 10, '300000', '0', 0, '0000-00-00', 0),
(203, 97, 1, 11, '300000', '0', 0, '0000-00-00', 0),
(204, 97, 1, 12, '300000', '0', 0, '0000-00-00', 0),
(205, 98, 1, 1, '300000', '0', 0, '0000-00-00', 0),
(206, 98, 1, 2, '300000', '0', 0, '0000-00-00', 0),
(207, 98, 1, 3, '300000', '0', 0, '0000-00-00', 0),
(208, 98, 1, 4, '300000', '0', 0, '0000-00-00', 0),
(209, 98, 1, 5, '300000', '0', 0, '0000-00-00', 0),
(210, 98, 1, 6, '300000', '0', 0, '0000-00-00', 0),
(211, 98, 1, 7, '300000', '0', 0, '0000-00-00', 0),
(212, 98, 1, 8, '300000', '0', 0, '0000-00-00', 0),
(213, 98, 1, 9, '300000', '0', 0, '0000-00-00', 0),
(214, 98, 1, 10, '300000', '0', 0, '0000-00-00', 0),
(215, 98, 1, 11, '300000', '0', 0, '0000-00-00', 0),
(216, 98, 1, 12, '300000', '0', 0, '0000-00-00', 0),
(217, 99, 1, 1, '300000', '0', 0, '0000-00-00', 0),
(218, 99, 1, 2, '300000', '0', 0, '0000-00-00', 0),
(219, 99, 1, 3, '300000', '0', 0, '0000-00-00', 0),
(220, 99, 1, 4, '300000', '0', 0, '0000-00-00', 0),
(221, 99, 1, 5, '300000', '0', 0, '0000-00-00', 0),
(222, 99, 1, 6, '300000', '0', 0, '0000-00-00', 0),
(223, 99, 1, 7, '300000', '0', 0, '0000-00-00', 0),
(224, 99, 1, 8, '300000', '0', 0, '0000-00-00', 0),
(225, 99, 1, 9, '300000', '0', 0, '0000-00-00', 0),
(226, 99, 1, 10, '300000', '0', 0, '0000-00-00', 0),
(227, 99, 1, 11, '300000', '0', 0, '0000-00-00', 0),
(228, 99, 1, 12, '300000', '0', 0, '0000-00-00', 0),
(229, 100, 1, 1, '300000', 'spp/210322', 1, '2022-03-21', 1),
(230, 100, 1, 2, '300000', 'spp/230322/726149', 1, '2022-03-23', 2),
(231, 100, 1, 3, '300000', 'spp/50422/740021', 1, '2022-04-05', 1),
(232, 100, 1, 4, '300000', '0', 0, '0000-00-00', 0),
(233, 100, 1, 5, '300000', '0', 0, '0000-00-00', 0),
(234, 100, 1, 6, '300000', '0', 0, '0000-00-00', 0),
(235, 100, 1, 7, '300000', '0', 0, '0000-00-00', 0),
(236, 100, 1, 8, '300000', '0', 0, '0000-00-00', 0),
(237, 100, 1, 9, '300000', '0', 0, '0000-00-00', 0),
(238, 100, 1, 10, '300000', '0', 0, '0000-00-00', 0),
(239, 100, 1, 11, '300000', '0', 0, '0000-00-00', 0),
(240, 100, 1, 12, '300000', '0', 0, '0000-00-00', 0),
(241, 101, 1, 1, '300000', '0', 0, '0000-00-00', 0),
(242, 101, 1, 2, '300000', '0', 0, '0000-00-00', 0),
(243, 101, 1, 3, '300000', '0', 0, '0000-00-00', 0),
(244, 101, 1, 4, '300000', '0', 0, '0000-00-00', 0),
(245, 101, 1, 5, '300000', '0', 0, '0000-00-00', 0),
(246, 101, 1, 6, '300000', '0', 0, '0000-00-00', 0),
(247, 101, 1, 7, '300000', '0', 0, '0000-00-00', 0),
(248, 101, 1, 8, '300000', '0', 0, '0000-00-00', 0),
(249, 101, 1, 9, '300000', '0', 0, '0000-00-00', 0),
(250, 101, 1, 10, '300000', '0', 0, '0000-00-00', 0),
(251, 101, 1, 11, '300000', '0', 0, '0000-00-00', 0),
(252, 101, 1, 12, '300000', '0', 0, '0000-00-00', 0),
(253, 102, 1, 1, '300000', '0', 0, '0000-00-00', 0),
(254, 102, 1, 2, '300000', '0', 0, '0000-00-00', 0),
(255, 102, 1, 3, '300000', '0', 0, '0000-00-00', 0),
(256, 102, 1, 4, '300000', '0', 0, '0000-00-00', 0),
(257, 102, 1, 5, '300000', '0', 0, '0000-00-00', 0),
(258, 102, 1, 6, '300000', '0', 0, '0000-00-00', 0),
(259, 102, 1, 7, '300000', '0', 0, '0000-00-00', 0),
(260, 102, 1, 8, '300000', '0', 0, '0000-00-00', 0),
(261, 102, 1, 9, '300000', '0', 0, '0000-00-00', 0),
(262, 102, 1, 10, '300000', '0', 0, '0000-00-00', 0),
(263, 102, 1, 11, '300000', '0', 0, '0000-00-00', 0),
(264, 102, 1, 12, '300000', '0', 0, '0000-00-00', 0),
(265, 103, 1, 1, '300000', '0', 0, '0000-00-00', 0),
(266, 103, 1, 2, '300000', '0', 0, '0000-00-00', 0),
(267, 103, 1, 3, '300000', '0', 0, '0000-00-00', 0),
(268, 103, 1, 4, '300000', '0', 0, '0000-00-00', 0),
(269, 103, 1, 5, '300000', '0', 0, '0000-00-00', 0),
(270, 103, 1, 6, '300000', '0', 0, '0000-00-00', 0),
(271, 103, 1, 7, '300000', '0', 0, '0000-00-00', 0),
(272, 103, 1, 8, '300000', '0', 0, '0000-00-00', 0),
(273, 103, 1, 9, '300000', '0', 0, '0000-00-00', 0),
(274, 103, 1, 10, '300000', '0', 0, '0000-00-00', 0),
(275, 103, 1, 11, '300000', '0', 0, '0000-00-00', 0),
(276, 103, 1, 12, '300000', '0', 0, '0000-00-00', 0),
(277, 104, 1, 1, '300000', '0', 0, '0000-00-00', 0),
(278, 104, 1, 2, '300000', '0', 0, '0000-00-00', 0),
(279, 104, 1, 3, '300000', '0', 0, '0000-00-00', 0),
(280, 104, 1, 4, '300000', '0', 0, '0000-00-00', 0),
(281, 104, 1, 5, '300000', '0', 0, '0000-00-00', 0),
(282, 104, 1, 6, '300000', '0', 0, '0000-00-00', 0),
(283, 104, 1, 7, '300000', '0', 0, '0000-00-00', 0),
(284, 104, 1, 8, '300000', '0', 0, '0000-00-00', 0),
(285, 104, 1, 9, '300000', '0', 0, '0000-00-00', 0),
(286, 104, 1, 10, '300000', '0', 0, '0000-00-00', 0),
(287, 104, 1, 11, '300000', '0', 0, '0000-00-00', 0),
(288, 104, 1, 12, '300000', '0', 0, '0000-00-00', 0),
(289, 105, 1, 1, '300000', '0', 0, '0000-00-00', 0),
(290, 105, 1, 2, '300000', '0', 0, '0000-00-00', 0),
(291, 105, 1, 3, '300000', '0', 0, '0000-00-00', 0),
(292, 105, 1, 4, '300000', '0', 0, '0000-00-00', 0),
(293, 105, 1, 5, '300000', '0', 0, '0000-00-00', 0),
(294, 105, 1, 6, '300000', '0', 0, '0000-00-00', 0),
(295, 105, 1, 7, '300000', '0', 0, '0000-00-00', 0),
(296, 105, 1, 8, '300000', '0', 0, '0000-00-00', 0),
(297, 105, 1, 9, '300000', '0', 0, '0000-00-00', 0),
(298, 105, 1, 10, '300000', '0', 0, '0000-00-00', 0),
(299, 105, 1, 11, '300000', '0', 0, '0000-00-00', 0),
(300, 105, 1, 12, '300000', '0', 0, '0000-00-00', 0),
(301, 106, 1, 1, '300000', 'spp/230322/496824', 1, '2022-03-23', 2),
(302, 106, 1, 2, '300000', 'spp/230322/600342', 1, '2022-03-23', 1),
(303, 106, 1, 3, '300000', '0', 0, '0000-00-00', 0),
(304, 106, 1, 4, '300000', '0', 0, '0000-00-00', 0),
(305, 106, 1, 5, '300000', '0', 0, '0000-00-00', 0),
(306, 106, 1, 6, '300000', '0', 0, '0000-00-00', 0),
(307, 106, 1, 7, '300000', '0', 0, '0000-00-00', 0),
(308, 106, 1, 8, '300000', '0', 0, '0000-00-00', 0),
(309, 106, 1, 9, '300000', '0', 0, '0000-00-00', 0),
(310, 106, 1, 10, '300000', '0', 0, '0000-00-00', 0),
(311, 106, 1, 11, '300000', '0', 0, '0000-00-00', 0),
(312, 106, 1, 12, '300000', '0', 0, '0000-00-00', 0),
(313, 107, 1, 1, '300000', '0', 0, '0000-00-00', 0),
(314, 107, 1, 2, '300000', '0', 0, '0000-00-00', 0),
(315, 107, 1, 3, '300000', '0', 0, '0000-00-00', 0),
(316, 107, 1, 4, '300000', '0', 0, '0000-00-00', 0),
(317, 107, 1, 5, '300000', '0', 0, '0000-00-00', 0),
(318, 107, 1, 6, '300000', '0', 0, '0000-00-00', 0),
(319, 107, 1, 7, '300000', '0', 0, '0000-00-00', 0),
(320, 107, 1, 8, '300000', '0', 0, '0000-00-00', 0),
(321, 107, 1, 9, '300000', '0', 0, '0000-00-00', 0),
(322, 107, 1, 10, '300000', '0', 0, '0000-00-00', 0),
(323, 107, 1, 11, '300000', '0', 0, '0000-00-00', 0),
(324, 107, 1, 12, '300000', '0', 0, '0000-00-00', 0),
(325, 108, 1, 1, '300000', '0', 0, '0000-00-00', 0),
(326, 108, 1, 2, '300000', '0', 0, '0000-00-00', 0),
(327, 108, 1, 3, '300000', '0', 0, '0000-00-00', 0),
(328, 108, 1, 4, '300000', '0', 0, '0000-00-00', 0),
(329, 108, 1, 5, '300000', '0', 0, '0000-00-00', 0),
(330, 108, 1, 6, '300000', '0', 0, '0000-00-00', 0),
(331, 108, 1, 7, '300000', '0', 0, '0000-00-00', 0),
(332, 108, 1, 8, '300000', '0', 0, '0000-00-00', 0),
(333, 108, 1, 9, '300000', '0', 0, '0000-00-00', 0),
(334, 108, 1, 10, '300000', '0', 0, '0000-00-00', 0),
(335, 108, 1, 11, '300000', '0', 0, '0000-00-00', 0),
(336, 108, 1, 12, '300000', '0', 0, '0000-00-00', 0),
(337, 109, 1, 1, '300000', '0', 0, '0000-00-00', 0),
(338, 109, 1, 2, '300000', '0', 0, '0000-00-00', 0),
(339, 109, 1, 3, '300000', '0', 0, '0000-00-00', 0),
(340, 109, 1, 4, '300000', '0', 0, '0000-00-00', 0),
(341, 109, 1, 5, '300000', '0', 0, '0000-00-00', 0),
(342, 109, 1, 6, '300000', '0', 0, '0000-00-00', 0),
(343, 109, 1, 7, '300000', '0', 0, '0000-00-00', 0),
(344, 109, 1, 8, '300000', '0', 0, '0000-00-00', 0),
(345, 109, 1, 9, '300000', '0', 0, '0000-00-00', 0),
(346, 109, 1, 10, '300000', '0', 0, '0000-00-00', 0),
(347, 109, 1, 11, '300000', '0', 0, '0000-00-00', 0),
(348, 109, 1, 12, '300000', '0', 0, '0000-00-00', 0),
(349, 110, 1, 1, '300000', '0', 0, '0000-00-00', 0),
(350, 110, 1, 2, '300000', '0', 0, '0000-00-00', 0),
(351, 110, 1, 3, '300000', '0', 0, '0000-00-00', 0),
(352, 110, 1, 4, '300000', '0', 0, '0000-00-00', 0),
(353, 110, 1, 5, '300000', '0', 0, '0000-00-00', 0),
(354, 110, 1, 6, '300000', '0', 0, '0000-00-00', 0),
(355, 110, 1, 7, '300000', '0', 0, '0000-00-00', 0),
(356, 110, 1, 8, '300000', '0', 0, '0000-00-00', 0),
(357, 110, 1, 9, '300000', '0', 0, '0000-00-00', 0),
(358, 110, 1, 10, '300000', '0', 0, '0000-00-00', 0),
(359, 110, 1, 11, '300000', '0', 0, '0000-00-00', 0),
(360, 110, 1, 12, '300000', '0', 0, '0000-00-00', 0),
(361, 111, 1, 1, '300000', '0', 0, '0000-00-00', 0),
(362, 111, 1, 2, '300000', '0', 0, '0000-00-00', 0),
(363, 111, 1, 3, '300000', '0', 0, '0000-00-00', 0),
(364, 111, 1, 4, '300000', '0', 0, '0000-00-00', 0),
(365, 111, 1, 5, '300000', '0', 0, '0000-00-00', 0),
(366, 111, 1, 6, '300000', '0', 0, '0000-00-00', 0),
(367, 111, 1, 7, '300000', '0', 0, '0000-00-00', 0),
(368, 111, 1, 8, '300000', '0', 0, '0000-00-00', 0),
(369, 111, 1, 9, '300000', '0', 0, '0000-00-00', 0),
(370, 111, 1, 10, '300000', '0', 0, '0000-00-00', 0),
(371, 111, 1, 11, '300000', '0', 0, '0000-00-00', 0),
(372, 111, 1, 12, '300000', '0', 0, '0000-00-00', 0),
(373, 112, 1, 1, '300000', '0', 0, '0000-00-00', 0),
(374, 112, 1, 2, '300000', '0', 0, '0000-00-00', 0),
(375, 112, 1, 3, '300000', '0', 0, '0000-00-00', 0),
(376, 112, 1, 4, '300000', '0', 0, '0000-00-00', 0),
(377, 112, 1, 5, '300000', '0', 0, '0000-00-00', 0),
(378, 112, 1, 6, '300000', '0', 0, '0000-00-00', 0),
(379, 112, 1, 7, '300000', '0', 0, '0000-00-00', 0),
(380, 112, 1, 8, '300000', '0', 0, '0000-00-00', 0),
(381, 112, 1, 9, '300000', '0', 0, '0000-00-00', 0),
(382, 112, 1, 10, '300000', '0', 0, '0000-00-00', 0),
(383, 112, 1, 11, '300000', '0', 0, '0000-00-00', 0),
(384, 112, 1, 12, '300000', '0', 0, '0000-00-00', 0),
(385, 113, 1, 1, '300000', '0', 0, '0000-00-00', 0),
(386, 113, 1, 2, '300000', '0', 0, '0000-00-00', 0),
(387, 113, 1, 3, '300000', '0', 0, '0000-00-00', 0),
(388, 113, 1, 4, '300000', '0', 0, '0000-00-00', 0),
(389, 113, 1, 5, '300000', '0', 0, '0000-00-00', 0),
(390, 113, 1, 6, '300000', '0', 0, '0000-00-00', 0),
(391, 113, 1, 7, '300000', '0', 0, '0000-00-00', 0),
(392, 113, 1, 8, '300000', '0', 0, '0000-00-00', 0),
(393, 113, 1, 9, '300000', '0', 0, '0000-00-00', 0),
(394, 113, 1, 10, '300000', '0', 0, '0000-00-00', 0),
(395, 113, 1, 11, '300000', '0', 0, '0000-00-00', 0),
(396, 113, 1, 12, '300000', '0', 0, '0000-00-00', 0),
(397, 114, 1, 1, '300000', '0', 0, '0000-00-00', 0),
(398, 114, 1, 2, '300000', '0', 0, '0000-00-00', 0),
(399, 114, 1, 3, '300000', '0', 0, '0000-00-00', 0),
(400, 114, 1, 4, '300000', '0', 0, '0000-00-00', 0),
(401, 114, 1, 5, '300000', '0', 0, '0000-00-00', 0),
(402, 114, 1, 6, '300000', '0', 0, '0000-00-00', 0),
(403, 114, 1, 7, '300000', '0', 0, '0000-00-00', 0),
(404, 114, 1, 8, '300000', '0', 0, '0000-00-00', 0),
(405, 114, 1, 9, '300000', '0', 0, '0000-00-00', 0),
(406, 114, 1, 10, '300000', '0', 0, '0000-00-00', 0),
(407, 114, 1, 11, '300000', '0', 0, '0000-00-00', 0),
(408, 114, 1, 12, '300000', '0', 0, '0000-00-00', 0),
(409, 115, 1, 1, '300000', '0', 0, '0000-00-00', 0),
(410, 115, 1, 2, '300000', '0', 0, '0000-00-00', 0),
(411, 115, 1, 3, '300000', '0', 0, '0000-00-00', 0),
(412, 115, 1, 4, '300000', '0', 0, '0000-00-00', 0),
(413, 115, 1, 5, '300000', '0', 0, '0000-00-00', 0),
(414, 115, 1, 6, '300000', '0', 0, '0000-00-00', 0),
(415, 115, 1, 7, '300000', '0', 0, '0000-00-00', 0),
(416, 115, 1, 8, '300000', '0', 0, '0000-00-00', 0),
(417, 115, 1, 9, '300000', '0', 0, '0000-00-00', 0),
(418, 115, 1, 10, '300000', '0', 0, '0000-00-00', 0),
(419, 115, 1, 11, '300000', '0', 0, '0000-00-00', 0),
(420, 115, 1, 12, '300000', '0', 0, '0000-00-00', 0),
(421, 116, 1, 1, '300000', '0', 0, '0000-00-00', 0),
(422, 116, 1, 2, '300000', '0', 0, '0000-00-00', 0),
(423, 116, 1, 3, '300000', '0', 0, '0000-00-00', 0),
(424, 116, 1, 4, '300000', '0', 0, '0000-00-00', 0),
(425, 116, 1, 5, '300000', '0', 0, '0000-00-00', 0),
(426, 116, 1, 6, '300000', '0', 0, '0000-00-00', 0),
(427, 116, 1, 7, '300000', '0', 0, '0000-00-00', 0),
(428, 116, 1, 8, '300000', '0', 0, '0000-00-00', 0),
(429, 116, 1, 9, '300000', '0', 0, '0000-00-00', 0),
(430, 116, 1, 10, '300000', '0', 0, '0000-00-00', 0),
(431, 116, 1, 11, '300000', '0', 0, '0000-00-00', 0),
(432, 116, 1, 12, '300000', '0', 0, '0000-00-00', 0),
(433, 4, 1, 1, '300000', '0', 0, '0000-00-00', 0),
(434, 4, 1, 2, '300000', '0', 0, '0000-00-00', 0),
(435, 4, 1, 3, '300000', '0', 0, '0000-00-00', 0),
(436, 4, 1, 4, '300000', '0', 0, '0000-00-00', 0),
(437, 4, 1, 5, '300000', '0', 0, '0000-00-00', 0),
(438, 4, 1, 6, '300000', '0', 0, '0000-00-00', 0),
(439, 4, 1, 7, '300000', '0', 0, '0000-00-00', 0),
(440, 4, 1, 8, '300000', '0', 0, '0000-00-00', 0),
(441, 4, 1, 9, '300000', '0', 0, '0000-00-00', 0),
(442, 4, 1, 10, '300000', '0', 0, '0000-00-00', 0),
(443, 4, 1, 11, '300000', '0', 0, '0000-00-00', 0),
(444, 4, 1, 12, '300000', '0', 0, '0000-00-00', 0),
(445, 5, 1, 1, '300000', 'spp/50422/642223', 1, '2022-04-05', 1),
(446, 5, 1, 2, '300000', '0', 0, '0000-00-00', 0),
(447, 5, 1, 3, '300000', '0', 0, '0000-00-00', 0),
(448, 5, 1, 4, '300000', '0', 0, '0000-00-00', 0),
(449, 5, 1, 5, '300000', '0', 0, '0000-00-00', 0),
(450, 5, 1, 6, '300000', '0', 0, '0000-00-00', 0),
(451, 5, 1, 7, '300000', '0', 0, '0000-00-00', 0),
(452, 5, 1, 8, '300000', '0', 0, '0000-00-00', 0),
(453, 5, 1, 9, '300000', '0', 0, '0000-00-00', 0),
(454, 5, 1, 10, '300000', '0', 0, '0000-00-00', 0),
(455, 5, 1, 11, '300000', '0', 0, '0000-00-00', 0),
(456, 5, 1, 12, '300000', '0', 0, '0000-00-00', 0),
(457, 6, 1, 1, '300000', '0', 0, '0000-00-00', 0),
(458, 6, 1, 2, '300000', '0', 0, '0000-00-00', 0),
(459, 6, 1, 3, '300000', '0', 0, '0000-00-00', 0),
(460, 6, 1, 4, '300000', '0', 0, '0000-00-00', 0),
(461, 6, 1, 5, '300000', '0', 0, '0000-00-00', 0),
(462, 6, 1, 6, '300000', '0', 0, '0000-00-00', 0),
(463, 6, 1, 7, '300000', '0', 0, '0000-00-00', 0),
(464, 6, 1, 8, '300000', '0', 0, '0000-00-00', 0),
(465, 6, 1, 9, '300000', '0', 0, '0000-00-00', 0),
(466, 6, 1, 10, '300000', '0', 0, '0000-00-00', 0),
(467, 6, 1, 11, '300000', '0', 0, '0000-00-00', 0),
(468, 6, 1, 12, '300000', '0', 0, '0000-00-00', 0),
(469, 7, 1, 1, '300000', 'spp/230322/034948', 1, '2022-03-23', 1),
(470, 7, 1, 2, '300000', '0', 0, '0000-00-00', 0),
(471, 7, 1, 3, '300000', '0', 0, '0000-00-00', 0),
(472, 7, 1, 4, '300000', '0', 0, '0000-00-00', 0),
(473, 7, 1, 5, '300000', '0', 0, '0000-00-00', 0),
(474, 7, 1, 6, '300000', '0', 0, '0000-00-00', 0),
(475, 7, 1, 7, '300000', '0', 0, '0000-00-00', 0),
(476, 7, 1, 8, '300000', '0', 0, '0000-00-00', 0),
(477, 7, 1, 9, '300000', '0', 0, '0000-00-00', 0),
(478, 7, 1, 10, '300000', '0', 0, '0000-00-00', 0),
(479, 7, 1, 11, '300000', '0', 0, '0000-00-00', 0),
(480, 7, 1, 12, '300000', '0', 0, '0000-00-00', 0),
(481, 8, 1, 1, '300000', '0', 0, '0000-00-00', 0),
(482, 8, 1, 2, '300000', '0', 0, '0000-00-00', 0),
(483, 8, 1, 3, '300000', '0', 0, '0000-00-00', 0),
(484, 8, 1, 4, '300000', '0', 0, '0000-00-00', 0),
(485, 8, 1, 5, '300000', '0', 0, '0000-00-00', 0),
(486, 8, 1, 6, '300000', '0', 0, '0000-00-00', 0),
(487, 8, 1, 7, '300000', '0', 0, '0000-00-00', 0),
(488, 8, 1, 8, '300000', '0', 0, '0000-00-00', 0),
(489, 8, 1, 9, '300000', '0', 0, '0000-00-00', 0),
(490, 8, 1, 10, '300000', '0', 0, '0000-00-00', 0),
(491, 8, 1, 11, '300000', '0', 0, '0000-00-00', 0),
(492, 8, 1, 12, '300000', '0', 0, '0000-00-00', 0),
(493, 145, 1, 1, '300000', 'spp/230322/437358', 1, '2022-03-23', 1),
(494, 145, 1, 2, '300000', 'spp/230322/832754', 1, '2022-03-23', 1),
(495, 145, 1, 3, '300000', 'spp/230322/710559', 1, '2022-03-23', 2),
(496, 145, 1, 4, '300000', 'spp/230322/953867', 1, '2022-03-23', 1),
(497, 145, 1, 5, '300000', 'spp/230322/625342', 1, '2022-03-23', 2),
(498, 145, 1, 6, '300000', 'spp/230322/489672', 1, '2022-03-23', 2),
(499, 145, 1, 7, '300000', 'spp/230322/473377', 1, '2022-03-23', 2),
(500, 145, 1, 8, '300000', 'spp/230322/554883', 1, '2022-03-23', 1),
(501, 145, 1, 9, '300000', 'spp/230322/410507', 1, '2022-03-23', 1),
(502, 145, 1, 10, '300000', 'spp/230322/581027', 1, '2022-03-23', 1),
(503, 145, 1, 11, '300000', 'spp/230322/547255', 1, '2022-03-23', 2),
(504, 145, 1, 12, '300000', 'spp/230322/030685', 1, '2022-03-23', 2),
(505, 4, 5, 1, '250000', '0', 0, '0000-00-00', 0),
(506, 4, 5, 2, '250000', '0', 0, '0000-00-00', 0),
(507, 4, 5, 3, '250000', '0', 0, '0000-00-00', 0),
(508, 4, 5, 4, '250000', '0', 0, '0000-00-00', 0),
(509, 4, 5, 5, '250000', '0', 0, '0000-00-00', 0),
(510, 4, 5, 6, '250000', '0', 0, '0000-00-00', 0),
(511, 4, 5, 7, '250000', '0', 0, '0000-00-00', 0),
(512, 4, 5, 8, '250000', '0', 0, '0000-00-00', 0),
(513, 4, 5, 9, '250000', '0', 0, '0000-00-00', 0),
(514, 4, 5, 10, '250000', '0', 0, '0000-00-00', 0),
(515, 4, 5, 11, '250000', '0', 0, '0000-00-00', 0),
(516, 4, 5, 12, '250000', '0', 0, '0000-00-00', 0),
(517, 5, 5, 1, '250000', 'SPP2/50422/276478', 1, '2022-04-05', 1),
(518, 5, 5, 2, '250000', '0', 0, '0000-00-00', 0),
(519, 5, 5, 3, '250000', '0', 0, '0000-00-00', 0),
(520, 5, 5, 4, '250000', '0', 0, '0000-00-00', 0),
(521, 5, 5, 5, '250000', '0', 0, '0000-00-00', 0),
(522, 5, 5, 6, '250000', '0', 0, '0000-00-00', 0),
(523, 5, 5, 7, '250000', '0', 0, '0000-00-00', 0),
(524, 5, 5, 8, '250000', '0', 0, '0000-00-00', 0),
(525, 5, 5, 9, '250000', 'spp-125', 0, '2022-01-14', 2),
(526, 5, 5, 10, '250000', '0', 0, '0000-00-00', 0),
(527, 5, 5, 11, '250000', '0', 0, '0000-00-00', 0),
(528, 5, 5, 12, '250000', '0', 0, '0000-00-00', 0),
(529, 6, 5, 1, '250000', '0', 0, '0000-00-00', 0),
(530, 6, 5, 2, '250000', '0', 0, '0000-00-00', 0),
(531, 6, 5, 3, '250000', '0', 0, '0000-00-00', 0),
(532, 6, 5, 4, '250000', '0', 0, '0000-00-00', 0),
(533, 6, 5, 5, '250000', '0', 0, '0000-00-00', 0),
(534, 6, 5, 6, '250000', '0', 0, '0000-00-00', 0),
(535, 6, 5, 7, '250000', 'spp-123', 1, '2022-01-12', 1),
(536, 6, 5, 8, '250000', '0', 0, '0000-00-00', 0),
(537, 6, 5, 9, '250000', '0', 0, '0000-00-00', 0),
(538, 6, 5, 10, '250000', '0', 0, '0000-00-00', 0),
(539, 6, 5, 11, '250000', '0', 0, '0000-00-00', 0),
(540, 6, 5, 12, '250000', '0', 0, '0000-00-00', 0),
(541, 7, 5, 1, '250000', '0', 0, '0000-00-00', 0),
(542, 7, 5, 2, '250000', '0', 0, '0000-00-00', 0),
(543, 7, 5, 3, '250000', '0', 0, '0000-00-00', 0),
(544, 7, 5, 4, '250000', '0', 0, '0000-00-00', 0),
(545, 7, 5, 5, '250000', '0', 0, '0000-00-00', 0),
(546, 7, 5, 6, '250000', '0', 0, '0000-00-00', 0),
(547, 7, 5, 7, '250000', '0', 0, '0000-00-00', 0),
(548, 7, 5, 8, '250000', '0', 0, '0000-00-00', 0),
(549, 7, 5, 9, '250000', '0', 0, '0000-00-00', 0),
(550, 7, 5, 10, '250000', '0', 0, '0000-00-00', 0),
(551, 7, 5, 11, '250000', '0', 0, '0000-00-00', 0),
(552, 7, 5, 12, '250000', '0', 0, '0000-00-00', 0),
(553, 8, 5, 1, '250000', '0', 0, '0000-00-00', 0),
(554, 8, 5, 2, '250000', '0', 0, '0000-00-00', 0),
(555, 8, 5, 3, '250000', '0', 0, '0000-00-00', 0),
(556, 8, 5, 4, '250000', '0', 0, '0000-00-00', 0),
(557, 8, 5, 5, '250000', '0', 0, '0000-00-00', 0),
(558, 8, 5, 6, '250000', '0', 0, '0000-00-00', 0),
(559, 8, 5, 7, '250000', '0', 0, '0000-00-00', 0),
(560, 8, 5, 8, '250000', '0', 0, '0000-00-00', 0),
(561, 8, 5, 9, '250000', '0', 0, '0000-00-00', 0),
(562, 8, 5, 10, '250000', '0', 0, '0000-00-00', 0),
(563, 8, 5, 11, '250000', '0', 0, '0000-00-00', 0),
(564, 8, 5, 12, '250000', '0', 0, '0000-00-00', 0),
(565, 145, 5, 1, '250000', '0', 0, '0000-00-00', 0),
(566, 145, 5, 2, '250000', '0', 0, '0000-00-00', 0),
(567, 145, 5, 3, '250000', '0', 0, '0000-00-00', 0),
(568, 145, 5, 4, '250000', '0', 0, '0000-00-00', 0),
(569, 145, 5, 5, '250000', '0', 0, '0000-00-00', 0),
(570, 145, 5, 6, '250000', '0', 0, '0000-00-00', 0),
(571, 145, 5, 7, '250000', '0', 0, '0000-00-00', 0),
(572, 145, 5, 8, '250000', '0', 0, '0000-00-00', 0),
(573, 145, 5, 9, '250000', '0', 0, '0000-00-00', 0),
(574, 145, 5, 10, '250000', '0', 0, '0000-00-00', 0),
(575, 145, 5, 11, '250000', '0', 0, '0000-00-00', 0),
(576, 145, 5, 12, '250000', '0', 0, '0000-00-00', 0),
(577, 146, 1, 1, '300000', 'spp/300322/759097', 1, '2022-03-30', 1),
(578, 146, 1, 2, '300000', 'spp/300322/216546', 1, '2022-03-30', 2),
(579, 146, 1, 3, '300000', 'spp/300322/911212', 1, '2022-03-30', 2),
(580, 146, 1, 4, '300000', '0', 0, '0000-00-00', 0),
(581, 146, 1, 5, '300000', '0', 0, '0000-00-00', 0),
(582, 146, 1, 6, '300000', '0', 0, '0000-00-00', 0),
(583, 146, 1, 7, '300000', '0', 0, '0000-00-00', 0),
(584, 146, 1, 8, '300000', '0', 0, '0000-00-00', 0),
(585, 146, 1, 9, '300000', '0', 0, '0000-00-00', 0),
(586, 146, 1, 10, '300000', '0', 0, '0000-00-00', 0),
(587, 146, 1, 11, '300000', '0', 0, '0000-00-00', 0),
(588, 146, 1, 12, '300000', '0', 0, '0000-00-00', 0),
(589, 147, 1, 1, '300000', '0', 0, '0000-00-00', 0),
(590, 147, 1, 2, '300000', '0', 0, '0000-00-00', 0),
(591, 147, 1, 3, '300000', '0', 0, '0000-00-00', 0),
(592, 147, 1, 4, '300000', '0', 0, '0000-00-00', 0),
(593, 147, 1, 5, '300000', '0', 0, '0000-00-00', 0),
(594, 147, 1, 6, '300000', '0', 0, '0000-00-00', 0),
(595, 147, 1, 7, '300000', '0', 0, '0000-00-00', 0),
(596, 147, 1, 8, '300000', '0', 0, '0000-00-00', 0),
(597, 147, 1, 9, '300000', '0', 0, '0000-00-00', 0),
(598, 147, 1, 10, '300000', '0', 0, '0000-00-00', 0),
(599, 147, 1, 11, '300000', '0', 0, '0000-00-00', 0),
(600, 147, 1, 12, '300000', '0', 0, '0000-00-00', 0),
(601, 148, 1, 1, '300000', '0', 0, '0000-00-00', 0),
(602, 148, 1, 2, '300000', '0', 0, '0000-00-00', 0),
(603, 148, 1, 3, '300000', '0', 0, '0000-00-00', 0),
(604, 148, 1, 4, '300000', '0', 0, '0000-00-00', 0),
(605, 148, 1, 5, '300000', '0', 0, '0000-00-00', 0),
(606, 148, 1, 6, '300000', '0', 0, '0000-00-00', 0),
(607, 148, 1, 7, '300000', '0', 0, '0000-00-00', 0),
(608, 148, 1, 8, '300000', '0', 0, '0000-00-00', 0),
(609, 148, 1, 9, '300000', '0', 0, '0000-00-00', 0),
(610, 148, 1, 10, '300000', '0', 0, '0000-00-00', 0),
(611, 148, 1, 11, '300000', '0', 0, '0000-00-00', 0),
(612, 148, 1, 12, '300000', '0', 0, '0000-00-00', 0),
(613, 149, 1, 1, '300000', '0', 0, '0000-00-00', 0),
(614, 149, 1, 2, '300000', '0', 0, '0000-00-00', 0),
(615, 149, 1, 3, '300000', '0', 0, '0000-00-00', 0),
(616, 149, 1, 4, '300000', '0', 0, '0000-00-00', 0),
(617, 149, 1, 5, '300000', '0', 0, '0000-00-00', 0),
(618, 149, 1, 6, '300000', '0', 0, '0000-00-00', 0),
(619, 149, 1, 7, '300000', '0', 0, '0000-00-00', 0),
(620, 149, 1, 8, '300000', '0', 0, '0000-00-00', 0),
(621, 149, 1, 9, '300000', '0', 0, '0000-00-00', 0),
(622, 149, 1, 10, '300000', '0', 0, '0000-00-00', 0),
(623, 149, 1, 11, '300000', '0', 0, '0000-00-00', 0),
(624, 149, 1, 12, '300000', '0', 0, '0000-00-00', 0);

-- --------------------------------------------------------

--
-- Table structure for table `d_bebas`
--

CREATE TABLE `d_bebas` (
  `d_bebas_id` int(11) NOT NULL,
  `no_transaksi` varchar(50) DEFAULT NULL,
  `bebas_id` int(11) NOT NULL,
  `d_bebas_bayar` decimal(10,0) NOT NULL,
  `d_bebas_deskripsi` varchar(100) NOT NULL,
  `d_bebas_tanggal` date NOT NULL,
  `admin_id` int(11) NOT NULL
) ENGINE=InnoDB DEFAULT CHARSET=latin1;

--
-- Dumping data for table `d_bebas`
--

INSERT INTO `d_bebas` (`d_bebas_id`, `no_transaksi`, `bebas_id`, `d_bebas_bayar`, `d_bebas_deskripsi`, `d_bebas_tanggal`, `admin_id`) VALUES
(1, 'SAT/210322', 62, '200000', 'Cicil', '2022-03-21', 1),
(2, 'SAT/210322', 62, '1600000', 'Lunas', '2022-03-21', 1),
(3, 'SAT/230322/465540', 45, '100000', 'Cicil', '2022-03-23', 1),
(4, 'SAT/240322/160273', 37, '50000', 'Cicil', '2022-03-24', 2),
(5, 'SAT/240322/728754', 37, '300000', 'Cicil', '2022-03-24', 2),
(6, 'SAT/240322/042979', 37, '650000', 'Cicil', '2022-03-24', 2),
(7, 'SAT/240322/470218', 37, '800000', 'Lunas', '2022-03-24', 2),
(8, 'Gedung/240322/675284', 79, '100000', 'Cicil', '2022-03-24', 2),
(9, 'Gedung/240322/368813', 79, '200000', 'Cicil', '2022-03-24', 2),
(10, 'SAT/290322/406083', 59, '200000', 'TRF-BJB', '2022-03-29', 1),
(11, 'SAT/300322/867786', 85, '200000', 'Cicil', '2022-03-30', 2),
(12, 'SAT/300322/333420', 85, '500000', 'TRF-BNI', '2022-03-30', 1);

-- --------------------------------------------------------

--
-- Table structure for table `d_kelas`
--

CREATE TABLE `d_kelas` (
  `d_kelas_id` int(4) NOT NULL,
  `d_kelas_nama` varchar(20) NOT NULL
) ENGINE=InnoDB DEFAULT CHARSET=latin1;

--
-- Dumping data for table `d_kelas`
--

INSERT INTO `d_kelas` (`d_kelas_id`, `d_kelas_nama`) VALUES
(1, '1'),
(2, '2'),
(3, '3'),
(5, 'Unggulan'),
(6, '4');

-- --------------------------------------------------------

--
-- Table structure for table `jurusan`
--

CREATE TABLE `jurusan` (
  `jurusan_id` int(4) NOT NULL,
  `jurusan_nama` varchar(100) NOT NULL
) ENGINE=InnoDB DEFAULT CHARSET=latin1;

--
-- Dumping data for table `jurusan`
--

INSERT INTO `jurusan` (`jurusan_id`, `jurusan_nama`) VALUES
(1, 'AK'),
(2, 'RPL'),
(3, 'TKJ'),
(4, 'TEI'),
(5, 'TBSM'),
(6, 'TET'),
(7, 'BIOMASSA');

-- --------------------------------------------------------

--
-- Table structure for table `kelas`
--

CREATE TABLE `kelas` (
  `kelas_id` int(4) NOT NULL,
  `kelas_nama` varchar(100) NOT NULL
) ENGINE=InnoDB DEFAULT CHARSET=latin1;

--
-- Dumping data for table `kelas`
--

INSERT INTO `kelas` (`kelas_id`, `kelas_nama`) VALUES
(1, 'X'),
(2, 'XI'),
(3, 'XII');

-- --------------------------------------------------------

--
-- Table structure for table `month`
--

CREATE TABLE `month` (
  `month_id` int(11) NOT NULL,
  `month_nama` varchar(45) NOT NULL
) ENGINE=InnoDB DEFAULT CHARSET=latin1;

--
-- Dumping data for table `month`
--

INSERT INTO `month` (`month_id`, `month_nama`) VALUES
(1, 'Juli'),
(2, 'Agustus'),
(3, 'September'),
(4, 'Oktober'),
(5, 'November'),
(6, 'Desember'),
(7, 'Januari'),
(8, 'Februari'),
(9, 'Maret'),
(10, 'April'),
(11, 'Mei'),
(12, 'Juni');

-- --------------------------------------------------------

--
-- Table structure for table `pembayaran`
--

CREATE TABLE `pembayaran` (
  `pembayaran_id` int(11) NOT NULL,
  `pembayaran_tipe` enum('BULANAN','BEBAS') NOT NULL,
  `periode_id` int(11) NOT NULL,
  `pos_id` int(11) NOT NULL
) ENGINE=InnoDB DEFAULT CHARSET=latin1;

--
-- Dumping data for table `pembayaran`
--

INSERT INTO `pembayaran` (`pembayaran_id`, `pembayaran_tipe`, `periode_id`, `pos_id`) VALUES
(1, 'BULANAN', 1, 1),
(3, 'BEBAS', 1, 3),
(4, 'BEBAS', 2, 2),
(5, 'BULANAN', 2, 4);

-- --------------------------------------------------------

--
-- Table structure for table `periode`
--

CREATE TABLE `periode` (
  `periode_id` int(11) NOT NULL,
  `periode_mulai` year(4) NOT NULL,
  `periode_akhir` year(4) NOT NULL
) ENGINE=InnoDB DEFAULT CHARSET=latin1;

--
-- Dumping data for table `periode`
--

INSERT INTO `periode` (`periode_id`, `periode_mulai`, `periode_akhir`) VALUES
(1, 2020, 2021),
(2, 2021, 2022);

-- --------------------------------------------------------

--
-- Table structure for table `pos`
--

CREATE TABLE `pos` (
  `pos_id` int(11) NOT NULL,
  `pos_nama` varchar(100) NOT NULL,
  `pos_deskripsi` varchar(100) NOT NULL
) ENGINE=InnoDB DEFAULT CHARSET=latin1;

--
-- Dumping data for table `pos`
--

INSERT INTO `pos` (`pos_id`, `pos_nama`, `pos_deskripsi`) VALUES
(1, 'spp', 'spp'),
(2, 'Gedung', 'pembayaran gedung'),
(3, 'SAT', 'SUMBANGAN AWAL TAHUN'),
(4, 'SPP2', 'spp2');

-- --------------------------------------------------------

--
-- Table structure for table `siswa`
--

CREATE TABLE `siswa` (
  `siswa_id` int(11) NOT NULL,
  `siswa_nis` varchar(45) NOT NULL,
  `siswa_nama` varchar(255) NOT NULL,
  `siswa_password` varchar(100) NOT NULL,
  `siswa_gender` enum('L','P') NOT NULL,
  `siswa_img` varchar(100) NOT NULL,
  `kelas_id` int(4) NOT NULL,
  `jurusan_id` int(4) NOT NULL,
  `d_kelas_id` int(4) NOT NULL,
  `status` enum('1','0') NOT NULL DEFAULT '1'
) ENGINE=InnoDB DEFAULT CHARSET=latin1;

--
-- Dumping data for table `siswa`
--

INSERT INTO `siswa` (`siswa_id`, `siswa_nis`, `siswa_nama`, `siswa_password`, `siswa_gender`, `siswa_img`, `kelas_id`, `jurusan_id`, `d_kelas_id`, `status`) VALUES
(4, '192010003', 'Asti', 'asti', 'P', 'profile.png', 2, 2, 3, '1'),
(5, '192010004', 'Angga', 'angga', 'L', 'Flowcharts SP.png', 2, 2, 3, '1'),
(6, '192010005', 'Fadil', 'fadil', 'L', 'profile.png', 2, 2, 3, '1'),
(7, '192010006', 'Fajar', 'fajar', 'L', 'profile.png', 2, 2, 3, '1'),
(8, '192010007', 'Rafly', 'rafly', 'L', 'profile.png', 3, 2, 3, '1'),
(82, '192010429', 'ABEL NATANAEL', 'NMKfF9LH', 'L', 'avatar1.png', 3, 1, 3, '0'),
(83, '192010430', 'ADE RAFIF HILMANSYAH', 'qkJWOTqO', 'L', 'avatar1.png', 3, 2, 3, '0'),
(84, '192010431', 'ADILLA MARSYA SOFHIANTI', 'vnqrN5sD', 'P', 'avatar1.png', 3, 2, 3, '0'),
(85, '192010432', 'AGNIA PINASTI AULIA', '0ZAa2gDr', 'P', 'avatar1.png', 3, 2, 3, '0'),
(86, '192010433', 'AGUSTIN WULANDARI', 'frd0rYjX', 'P', 'profile.png', 3, 2, 3, '0'),
(87, '192010434', 'AHMAD FADHILAH', 'XKk37U3e', 'L', 'avatar1.png', 3, 2, 3, '0'),
(88, '192010435', 'AMELIA ADESTI', 'vACrBDkF', 'P', 'profile.png', 3, 2, 3, '0'),
(89, '192010436', 'ANDRI HARTONO', 'LeEjcsGR', 'L', 'profile.png', 3, 2, 3, '0'),
(90, '192010437', 'ANGGA DWI ADITYA', 'E5k59pUq', 'L', 'profile.png', 3, 2, 3, '0'),
(91, '192010438', 'ANISA NUR FADILA', 'E7EgFiTU', 'P', 'profile.png', 3, 2, 3, '0'),
(92, '192010439', 'ARIPIN', 'X9RgfQpc', 'L', 'profile.png', 3, 2, 3, '0'),
(93, '192010440', 'AYUM ADAWIYAH', 'J7kpyXvv', 'P', 'profile.png', 3, 2, 3, '0'),
(94, '192010441', 'CUT SETIAWATI', 'WEib0lj5', 'P', 'profile.png', 3, 2, 3, '0'),
(95, '192010442', 'DAMAHYANTI', 'c4OcVZOO', 'P', 'profile.png', 3, 2, 3, '0'),
(96, '192010443', 'DHAFIN MUKTI AL FARIZI', '2MTuBZVb', 'L', 'profile.png', 3, 2, 3, '0'),
(97, '192010444', 'DIAN NURLAELA', 'g331pt3I', 'P', 'profile.png', 3, 2, 3, '0'),
(98, '192010445', 'EDELWEISS HARUMI JINGGA', 'Dh5sC2dn', 'P', 'profile.png', 3, 2, 3, '0'),
(99, '192010446', 'ELIS SALLEHA', 'GVtjbFu1', 'P', 'profile.png', 3, 2, 3, '0'),
(100, '192010447', 'FAJAR NUR HIDAYAT', 'ASDASD', 'L', 'profile.png', 3, 2, 3, '0'),
(101, '192010448', 'HISYAM DAFFA RABBANI', 'JUuIV2Vq', 'L', 'profile.png', 3, 2, 3, '0'),
(102, '192010449', 'LUTHFI RAFIF PRADJOKO', 'b35tQbOE', 'L', 'profile.png', 3, 2, 3, '0'),
(103, '192010450', 'MUHAMMAD MAGHVI FAJAR', 'fvVHiEp4', 'L', 'profile.png', 3, 2, 3, '0'),
(104, '192010451', 'PUTRI RAHAYU', 'vf1CFVA7', 'P', 'profile.png', 3, 2, 3, '0'),
(105, '192010452', 'RADEN FATAHILLAH SOENDJOTO', 'MFbzqntG', 'L', 'profile.png', 3, 2, 3, '0'),
(106, '192010453', 'RAFLY HIDAYAT', 'udCIs4YV', 'L', 'profile.png', 3, 2, 3, '0'),
(107, '192010454', 'RAKA SANTANG RABBANI', 'Pv6DrVbE', 'L', 'profile.png', 3, 2, 3, '0'),
(108, '192010455', 'RIFQI ABDUL AZIZ AFIFI', 'NsOwYuAw', 'L', 'profile.png', 3, 2, 3, '0'),
(109, '192010456', 'ROSITA', 'L4X1an5s', 'P', 'profile.png', 3, 2, 3, '0'),
(110, '192010457', 'SANTI', 'gWNwn27B', 'P', 'profile.png', 3, 2, 3, '0'),
(111, '192010458', 'SITI KHUMAIROH', 'YIRp81jL', 'P', 'profile.png', 3, 2, 3, '0'),
(112, '192010459', 'SITI NUR HOSITOH', '8HgEKFGY', 'P', 'profile.png', 3, 2, 3, '0'),
(113, '192010460', 'SYAFA RANI ZAHIRA', 'Kohysv6i', 'P', 'profile.png', 3, 2, 3, '0'),
(114, '192010461', 'VANIA ANDRYANI', '2Q3VNT8t', 'P', 'profile.png', 3, 2, 3, '0'),
(115, '192010462', 'VARITS GORGA', 'FLZElS4j', 'L', 'profile.png', 3, 2, 3, '0'),
(116, '192010463', 'YUNI OCTAVIANI', 'RF8syJ15', 'P', 'profile.png', 3, 2, 3, '0'),
(145, '54323131', 'Rafly', '[object Object]', 'L', 'avatar1.png', 1, 2, 2, '1'),
(146, '192010010', 'Dimas', 'clvA75s8', 'L', 'profile.png', 1, 2, 3, '1'),
(147, '192010011', 'Danang', 'utqryrOy', 'L', 'profile.png', 1, 1, 3, '1'),
(148, '192010012', 'Imam', 'IpK04L2e', 'L', 'profile.png', 1, 2, 3, '1'),
(149, '192010013', 'Darto', 'OESVhI5q', 'L', 'profile.png', 1, 1, 3, '1');

--
-- Indexes for dumped tables
--

--
-- Indexes for table `admin`
--
ALTER TABLE `admin`
  ADD PRIMARY KEY (`admin_id`);

--
-- Indexes for table `akses_token`
--
ALTER TABLE `akses_token`
  ADD PRIMARY KEY (`akses_token_id`),
  ADD KEY `admin_id` (`admin_id`);

--
-- Indexes for table `bebas`
--
ALTER TABLE `bebas`
  ADD PRIMARY KEY (`bebas_id`),
  ADD KEY `siswa_id` (`siswa_id`),
  ADD KEY `pembayaran_id` (`pembayaran_id`);

--
-- Indexes for table `bulanan`
--
ALTER TABLE `bulanan`
  ADD PRIMARY KEY (`bulanan_id`),
  ADD KEY `siswa_nis` (`siswa_id`),
  ADD KEY `pembayaran_id` (`pembayaran_id`),
  ADD KEY `month_id` (`month_id`),
  ADD KEY `admin_id` (`admin_id`);

--
-- Indexes for table `d_bebas`
--
ALTER TABLE `d_bebas`
  ADD PRIMARY KEY (`d_bebas_id`),
  ADD KEY `bayar_id` (`bebas_id`),
  ADD KEY `admin_id` (`admin_id`);

--
-- Indexes for table `d_kelas`
--
ALTER TABLE `d_kelas`
  ADD PRIMARY KEY (`d_kelas_id`);

--
-- Indexes for table `jurusan`
--
ALTER TABLE `jurusan`
  ADD PRIMARY KEY (`jurusan_id`);

--
-- Indexes for table `kelas`
--
ALTER TABLE `kelas`
  ADD PRIMARY KEY (`kelas_id`);

--
-- Indexes for table `month`
--
ALTER TABLE `month`
  ADD PRIMARY KEY (`month_id`);

--
-- Indexes for table `pembayaran`
--
ALTER TABLE `pembayaran`
  ADD PRIMARY KEY (`pembayaran_id`),
  ADD KEY `poriode_id` (`periode_id`),
  ADD KEY `pos_id` (`pos_id`);

--
-- Indexes for table `periode`
--
ALTER TABLE `periode`
  ADD PRIMARY KEY (`periode_id`);

--
-- Indexes for table `pos`
--
ALTER TABLE `pos`
  ADD PRIMARY KEY (`pos_id`);

--
-- Indexes for table `siswa`
--
ALTER TABLE `siswa`
  ADD PRIMARY KEY (`siswa_id`),
  ADD UNIQUE KEY `siswa_nis` (`siswa_nis`),
  ADD KEY `kelas_id` (`kelas_id`),
  ADD KEY `jurusan_id` (`jurusan_id`),
  ADD KEY `d_kelas_id` (`d_kelas_id`);

--
-- AUTO_INCREMENT for dumped tables
--

--
-- AUTO_INCREMENT for table `admin`
--
ALTER TABLE `admin`
  MODIFY `admin_id` int(4) NOT NULL AUTO_INCREMENT, AUTO_INCREMENT=4;

--
-- AUTO_INCREMENT for table `akses_token`
--
ALTER TABLE `akses_token`
  MODIFY `akses_token_id` int(4) NOT NULL AUTO_INCREMENT, AUTO_INCREMENT=4;

--
-- AUTO_INCREMENT for table `bebas`
--
ALTER TABLE `bebas`
  MODIFY `bebas_id` int(11) NOT NULL AUTO_INCREMENT, AUTO_INCREMENT=89;

--
-- AUTO_INCREMENT for table `bulanan`
--
ALTER TABLE `bulanan`
  MODIFY `bulanan_id` int(11) NOT NULL AUTO_INCREMENT, AUTO_INCREMENT=629;

--
-- AUTO_INCREMENT for table `d_bebas`
--
ALTER TABLE `d_bebas`
  MODIFY `d_bebas_id` int(11) NOT NULL AUTO_INCREMENT, AUTO_INCREMENT=13;

--
-- AUTO_INCREMENT for table `d_kelas`
--
ALTER TABLE `d_kelas`
  MODIFY `d_kelas_id` int(4) NOT NULL AUTO_INCREMENT, AUTO_INCREMENT=7;

--
-- AUTO_INCREMENT for table `jurusan`
--
ALTER TABLE `jurusan`
  MODIFY `jurusan_id` int(4) NOT NULL AUTO_INCREMENT, AUTO_INCREMENT=8;

--
-- AUTO_INCREMENT for table `kelas`
--
ALTER TABLE `kelas`
  MODIFY `kelas_id` int(4) NOT NULL AUTO_INCREMENT, AUTO_INCREMENT=4;

--
-- AUTO_INCREMENT for table `month`
--
ALTER TABLE `month`
  MODIFY `month_id` int(11) NOT NULL AUTO_INCREMENT, AUTO_INCREMENT=13;

--
-- AUTO_INCREMENT for table `pembayaran`
--
ALTER TABLE `pembayaran`
  MODIFY `pembayaran_id` int(11) NOT NULL AUTO_INCREMENT, AUTO_INCREMENT=6;

--
-- AUTO_INCREMENT for table `periode`
--
ALTER TABLE `periode`
  MODIFY `periode_id` int(11) NOT NULL AUTO_INCREMENT, AUTO_INCREMENT=3;

--
-- AUTO_INCREMENT for table `pos`
--
ALTER TABLE `pos`
  MODIFY `pos_id` int(11) NOT NULL AUTO_INCREMENT, AUTO_INCREMENT=5;

--
-- AUTO_INCREMENT for table `siswa`
--
ALTER TABLE `siswa`
  MODIFY `siswa_id` int(11) NOT NULL AUTO_INCREMENT, AUTO_INCREMENT=150;

--
-- Constraints for dumped tables
--

--
-- Constraints for table `akses_token`
--
ALTER TABLE `akses_token`
  ADD CONSTRAINT `akses_token_ibfk_1` FOREIGN KEY (`admin_id`) REFERENCES `admin` (`admin_id`) ON DELETE CASCADE ON UPDATE CASCADE;

--
-- Constraints for table `bebas`
--
ALTER TABLE `bebas`
  ADD CONSTRAINT `bebas_ibfk_1` FOREIGN KEY (`siswa_id`) REFERENCES `siswa` (`siswa_id`) ON DELETE CASCADE ON UPDATE CASCADE,
  ADD CONSTRAINT `bebas_ibfk_2` FOREIGN KEY (`pembayaran_id`) REFERENCES `pembayaran` (`pembayaran_id`) ON DELETE CASCADE ON UPDATE CASCADE;

--
-- Constraints for table `bulanan`
--
ALTER TABLE `bulanan`
  ADD CONSTRAINT `bulanan_ibfk_1` FOREIGN KEY (`month_id`) REFERENCES `month` (`month_id`) ON DELETE CASCADE ON UPDATE CASCADE,
  ADD CONSTRAINT `bulanan_ibfk_2` FOREIGN KEY (`pembayaran_id`) REFERENCES `pembayaran` (`pembayaran_id`) ON DELETE CASCADE ON UPDATE CASCADE,
  ADD CONSTRAINT `bulanan_ibfk_3` FOREIGN KEY (`siswa_id`) REFERENCES `siswa` (`siswa_id`) ON DELETE CASCADE ON UPDATE CASCADE,
  ADD CONSTRAINT `bulanan_ibfk_4` FOREIGN KEY (`admin_id`) REFERENCES `admin` (`admin_id`) ON DELETE CASCADE ON UPDATE CASCADE;

--
-- Constraints for table `d_bebas`
--
ALTER TABLE `d_bebas`
  ADD CONSTRAINT `d_bebas_ibfk_1` FOREIGN KEY (`bebas_id`) REFERENCES `bebas` (`bebas_id`) ON DELETE CASCADE ON UPDATE CASCADE,
  ADD CONSTRAINT `d_bebas_ibfk_2` FOREIGN KEY (`admin_id`) REFERENCES `admin` (`admin_id`) ON DELETE CASCADE ON UPDATE CASCADE;

--
-- Constraints for table `pembayaran`
--
ALTER TABLE `pembayaran`
  ADD CONSTRAINT `pembayaran_ibfk_1` FOREIGN KEY (`periode_id`) REFERENCES `periode` (`periode_id`) ON DELETE CASCADE ON UPDATE CASCADE,
  ADD CONSTRAINT `pembayaran_ibfk_2` FOREIGN KEY (`pos_id`) REFERENCES `pos` (`pos_id`) ON DELETE CASCADE ON UPDATE CASCADE;

--
-- Constraints for table `siswa`
--
ALTER TABLE `siswa`
  ADD CONSTRAINT `siswa_ibfk_1` FOREIGN KEY (`jurusan_id`) REFERENCES `jurusan` (`jurusan_id`) ON DELETE CASCADE ON UPDATE CASCADE,
  ADD CONSTRAINT `siswa_ibfk_2` FOREIGN KEY (`kelas_id`) REFERENCES `kelas` (`kelas_id`) ON DELETE CASCADE ON UPDATE CASCADE,
  ADD CONSTRAINT `siswa_ibfk_3` FOREIGN KEY (`d_kelas_id`) REFERENCES `d_kelas` (`d_kelas_id`) ON DELETE CASCADE ON UPDATE CASCADE;
COMMIT;

/*!40101 SET CHARACTER_SET_CLIENT=@OLD_CHARACTER_SET_CLIENT */;
/*!40101 SET CHARACTER_SET_RESULTS=@OLD_CHARACTER_SET_RESULTS */;
/*!40101 SET COLLATION_CONNECTION=@OLD_COLLATION_CONNECTION */;
